,房车宝直接投资公司,间接投资公司,,,,
,简阳大众房地产投资有限公司,四川赋海之星房地产开发有限公司,1,,,
,,成都市东璟房地产有限责任公司,2,,,
,,简阳置创房产经纪有限责任公司,3,,,
,,遂宁双银房地产经纪有限公司,4,,,
,,射洪县尊诚房产经纪有限责任公司,5,,,
,,遂宁市正元房地产经纪有限公司,6,,,
,,成都市简阳市玛云房地产经纪有限公司,7,,,
,,遂宁宏熹房产经纪有限公司,8,,,
,,射洪弘达房产经纪有限公司,9,,,
,,遂宁宏泰禾房地产经纪有限公司,10,,,
,,成都喜相逢房屋经纪有限公司,11,,,
,,射洪远瀚房地产经纪有限责任公司,12,,,
,,射洪鑫诺房屋经纪有限公司,13,,,
,,射洪鑫美房屋经纪有限公司,14,,,
,,简阳市同心缘房介服务有限公司,15,,,159
,,射洪市皓旭房产中介服务有限公司,16,,,
,,射洪市怡然房产经纪有限公司,17,,,
,,遂宁市遂禾房地产经纪有限公司,18,,,
,,遂宁兴宇房地产经纪有限公司,19,,,
,,遂宁星驰房地产经纪有限公司,20,,,
,,射洪房管家房屋经纪有限责任公司,21,,,
,,成都东进千家房地产经纪有限公司,22,,,
,,简阳市大拇指房屋经纪有限公司,23,,,
,,遂宁博视房地产经纪有限公司,24,,,
,,射洪聚意思福房产经纪有限公司,25,,,
,,射洪世纪嘉缘房地产经纪有限公司,26,,,
,,简阳市鑫知心房屋经纪有限公司,27,,,
,,简阳市知心之家房屋经纪有限公司,28,,,
,成都永好房产经纪有限公司,成都永好伟业房产经纪有限公司,1,,,
,,成都永好驿都房产经纪有限公司,2,,,
,,金堂永好房产经纪有限公司,3,,,
,,广汉永好房产经纪有限公司,4,,,
,,成都永好御岭房产经纪有限公司,5,,,
,,成都永好御景房产经纪有限公司,6,,,
,,成都永好玺印房产经纪有限公司,7,,,
,,成都永好东山房产经纪有限公司,8,,,
,,成都鑫永好房产经纪有限公司,9,,,
,,成都永好雄州房产经纪有限公司,10,,,
,,南充市高坪区百顺房地产经纪有限公司,11,,,
,,南充房交汇房地产经纪有限公司,12,,,
,,成都金润鸿房地产经纪有限公司,13,,,
,,成都睦邻房地产营销策划有限公司,14,,,
,,成都市御璟天下房地产经纪有限公司,15,,,
,,成都全鑫泰房地产中介有限公司,16,,,
,,成都瑞世佳房地产营销策划有限公司,17,,,
,,成都成乐房地产经纪有限公司,18,,,
,,成都恋宜佳房地产经纪有限公司,19,,,
,,成都瑞房腾达不动产经纪有限公司,20,,,
,,成都忠诚郡房屋经纪有限公司,21,,,
,,南充腾达房地产经纪有限公司,22,,,
,,成都玖零壹房地产经纪有限公司,23,,,
,四川省新三江房地产营销策划有限公司,泸州市九鼎房地产经纪有限公司,1,四川鼎麒房地产营销策划有限公司,,
,,重庆邦欣柏商业管理有限公司,2,,,
,,泸州市中泸房地产营销策划有限公司,3,,,
,,泸州同益房地产营销策划有限公司,4,,,
,,四川昊瑞房地产营销策划有限公司,5,,,
,,泸州市龙马潭区兴诚房地产中介有限公司,6,,,
,,泸州市颂诚房地产营销策划有限公司,7,,,
,,泸州华丰天街房地产经纪有限公司,8,,,
,,泸州市智达联众房地产营销策划有限公司,9,,,
,,泸州中博房地产营销策划有限公司,10,,,
,,泸州恒立房地产营销策划有限公司,11,,,
,巴中市鸿桥投资顾问有限责任公司,,17,,,
,四川立信房地产经纪有限公司,广元立信源房地产经纪有限公司,1,,,
,,德阳市立信世家房地产经纪有限公司,2,,,
,,广安立信誉川房地产经纪有限公司,3,,,
,,雅安市立信鼎诚房地产经纪有限公司,4,,,
,宜宾市天天房产信息有限公司,宜宾富居房产信息服务有限责任公司,1,,,
,,筠连县陆捌房屋中介有限公司,2,,,
,,宜宾信置房地产营销策划有限公司,3,,,
,,长宁县壹加叁房地产营销策划有限公司,4,,,
,,长宁县优正房地产经纪有限公司,5,,,
,,四川尚轩房地产策划营销有限责任公司,6,,,
,,宜宾市融科房产经纪有限公司,7,,,
,,宜宾东恒房地产有限公司,8,,,
,,宜宾嘉苑房地产咨询有限责任公司,9,,,
,,宜宾九零家房地产营销策划有限公司,10,,,
,,宜宾高远房地产经纪有限公司,11,,,
,,四川焕然新程房地产营销策划有限公司,12,,,
,,宜宾吾家房地产信息咨询有限责任公司,13,,,
,,宜宾创盛房地产营销策划有限公司,14,,,
,,宜宾正恒房地产营销策划有限公司,15,,,
,,宜宾优源地产信息有限公司,16,,,
,,筠连县捌捌信息咨询有限公司,17,,,
,,宜宾永盛房地产信息咨询有限公司,18,,,
,,兴文信加义房产中介服务有限公司,19,,,
,,宜宾市高县浩洋房产中介有限公司,20,,,
,,宜宾市名尚房地产中介服务有限公司,21,,,
,,兴文嘉宏房地产经纪有限公司,22,,,
,,长宁县尚居地产经纪服务有限公司,23,,,
,,兴文县富润房地产营销策划有限责任公司,24,,,
,,宜宾市子豪房产营销策划有限公司,25,,,
,,兴文县海川房地产营销策划有限公司,26,,,
,,江安县尚佳信息技术咨询有限责任公司,27,,,
,,兴文速成房产中介有限公司,28,,,
,,兴文吉家房产中介有限责任公司,29,,,
,,宜宾双信房产经纪有限公司,30,,,
,,兴文福源房地产中介服务有限责任公司,31,,,
,,兴文县川诚房地产经纪有限责任公司,32,,,
,,宜宾丽居房产经纪有限公司,33,,,
,,宜宾领蜀房地产信息咨询有限公司,34,,,
,,宜宾宏虹房地产信息咨询有限公司,35,,,
,,宜宾小窝居房地产信息咨询有限公司,36,,,
,,宜宾可兴房产中介服务有限公司,37,,,
,,宜宾俊宇房产信息咨询有限公司,38,,,
,,宜宾鼎宸房地产咨询有限公司,39,,,
,,宜宾小管家房产中介服务有限公司,40,,,
,,长宁县帝淼营销策划有限公司,41,,,
,,宜宾品居房地产中介服务有限公司,42,,,
,,宜宾木驰房产中介服务有限公司,43,,,
,,宜宾吉宅房产经纪有限公司,44,,,
,,宜宾康贵房产经纪有限公司,45,,,
,四川城市筑行房地产经纪有限公司,,,,,
,达州达房会电子商务有限公司,,,,,
,资阳蜗牛房地产营销策划有限公司,四川寰宇九州房产经纪服务有限公司,1,,,
,,乐至县好房之家房地产销售有限公司,2,,,
,,资阳文阅房产经纪有限公司,3,,,
,,乐至县顺宜房产经纪有限公司,4,,,
,,乐至县鼎信房地产经纪有限公司,5,,,
,,乐至县泰诚房产经纪有限公司,6,,,
,,乐至县金凯房产经纪有限公司,7,,,
,,资阳辉鑫房地产经纪有限公司,8,,,
,,乐至县正迎房产经纪有限公司,9,,,
,,乐至县凯利房地产经纪有限公司,10,,,
,,乐至县尚诚房地产经纪有限公司,11,,,
,,乐至县美润房产经纪有限公司,12,,,
,,乐至县顺收房产经纪有限公司,13,,,
,,乐至县鸿祥房地产经纪有限公司,14,,,
,,资阳盈佳房产经纪有限公司,15,,,
,,资阳市鑫久玥房地产营销策划有限公司,16,,,
,,资阳市家合房地产营销策划有限公司,17,,,
,,资阳市瑾壹房地产营销策划有限公司,18,,,
,四川雁城好房房地产营销策划有限公司,安岳县金信好房互联网信息服务有限公司,1,,,
,,安岳云房房地产销售有限公司,2,,,
,,资阳怡桥房地产经纪有限公司,3,,,
,,资阳灵悦房地产经纪有限公司,4,,,
,,乐至县韵诚房地产经纪有限公司,5,,,
,,资阳蜀疆房地产经纪有限公司,6,,,
,,安岳好易购房地产经纪有限公司,7,,,
,,安岳县富景房地产经纪有限公司,8,,,
,,乐至县温顺房地产经纪有限公司,9,,,
,,乐至县凯捷房地产经纪有限公司,10,,,
,,资阳顺心房地产经纪有限公司,11,,,
,,乐至县鼎盛房地产经纪有限公司,12,,,
,,安岳轩溢房地产经纪有限公司,13,,,
,,资阳顺然房地产经纪有限公司,14,,,
,,资阳乐屋房产经纪有限公司,15,,,
,,资阳深腾房地产经纪有限公司,16,,,
,,资阳利汇房地产经纪有限公司,17,,,
,,资阳宏居房产经纪有限公司,18,,,
,,资阳嘉升房地产经纪有限公司,19,,,
,,资阳商启房地产经纪有限公司,20,,,
,,资阳圣嘉房产经纪有限公司,21,,,
,,资阳柏冉房地产经纪有限公司,22,,,
,,资阳庄博房地产经纪有限公司,23,,,
,,资阳鑫易房地产中介有限公司,24,,,
,,资阳韵顺房产经纪有限公司,25,,,
,,资阳景秀房地产经纪有限公司,26,,,
,乐山瑞居房地产经纪有限公司,,,,,
内江,四川汇天装饰工程集团有限公司,四川华航房地产营销策划有限公司,1,,,
,,四川汇天文化传媒有限公司,2,,,
,,内江市博馨房地产经纪有限公司,3,,,
,,四川帝江房地产经纪有限公司,4,,,
,,内江成源营销策划有限公司,5,,,
,,内江汇策房地产经纪有限公司,6,,,
,,内江起源房地产经纪有限公司,7,,,
,,内江宏翔营销策划有限公司,8,,,
,,内江汇翔房地产经纪有限公司,9,,,
,,内江弘利营销策划有限公司,10,,,
,,四川内江居奥装饰装潢工程有限公司,11,,,
,,内江市汇天房地产营销策划有限公司,12,,,
,,内江内房网络科技有限公司,13,,,
成都,四川吾家生活房地产经纪有限公司,,,,,
德阳,四川齐家天下网络科技有限公司,南充齐家盛世营销策划有限公司,1,,,
德阳,,四川万豪易居企业管理有限公司,2,,,
德阳,,四川齐家天下房地产经纪有限公司,3,,,
德阳,,德阳市宏昊房地产经纪有限责任公司,4,,,
德阳,,德阳市筑房房地产经纪有限责任公司,5,,,
,四川乐美优家房地产营销策划有限责任公司,四川巨旭营销策划有限责任公司,1,,,
,,四川铭鸿营销策划有限公司,2,,,
,,绵阳乐美优家房地产营销策划有限责任公司,3,,,
,,四川房先森房地产营销策划有限公司,4,,,
,,四川安尚绵洲科技有限公司,5,,,
,,四川亨美房地产营销策划有限公司,6,,,
,,南充中顺地产营销策划有限公司,7,,,
,,成都大成玛雅房地产经纪有限公司,8,,,
,,南充玺越房地产营销策划有限公司,9,,,
,,成都玛雅雅合房地产经纪有限公司,10,,,
,,宜宾市叙州区德正置业有限公司,11,,,
,,四川悦馨房地产营销策划有限公司,12,,,
,,宜宾惠泓房地产营销策划有限公司,13,,,
,,宜宾玖弘房地产营销策划有限责任公司,14,,,
,,宜宾市君安房地产中介服务有限公司,15,,,
,,南充金家乐房地产营销策划有限公司,16,,,
,,南充锐策房地产营销有限公司,17,,,
,,四川喆居汇房地产营销策划有限公司,18,,,
,,成都鸿舍寓房地产经纪有限公司,19,,,
,,成都玛雅锦图房地产经纪有限公司,20,,,
,,绵阳市乐购房地产营销策划有限公司,21,,,
,,长宁县朋成房地产营销策划有限责任公司,22,,,
,,四川众诚联行房地产营销策划有限公司,23,,,
,,南充杨帆房产经纪有限公司,24,,,
,,四川融创亿居房地产营销策划有限责任公司,25,,,
,,绵阳首选房产营销策划有限公司,26,,,
,,成都坊天下房地产经纪有限公司,27,,,
,,四川房保姆房地产营销策划有限公司,28,,,
,,成都德诚兴贸玛雅房地产中介服务有限公司,29,,,
,,成都玛雅天号坊房地产经纪有限公司,30,,,
,,兴文县宏盛商务有限公司,31,,,
,,四川百兴伟业房地产营销策划有限公司,32,,,
,,四川正爱房地产经纪有限公司,33,,,
,,绵阳大林房地产经纪有限公司,34,,,
,,兴文中亿房地产经纪有限责任公司,35,,,
,,珙县盛宏房地产信息咨询有限公司,36,,,
,,南充远大房地产经纪有限公司,37,,,
,,绵阳市镜羽房产营销策划有限公司,38,,,
,,四川智博星耀科技有限公司,39,,,
,,绵阳市彬盛房地产经纪服务有限公司,40,,,
,,绵阳万强房地产经纪服务有限公司,41,,,
,,南充德尚不动产经纪有限公司,42,,,
,,绵阳锦润置业有限公司,43,,,
,,绵阳有家不动产营销策划有限公司,44,,,
,,成都众联玛雅房地产经纪有限公司,45,,,
,,南充家梦园房产营销策划有限公司,46,,,
,,绵阳长庚房地产中介服务有限责任公司,47,,,
,,成都玛雅南拓房地产经纪有限公司,48,,,
,,成都玛雅明升房地产经纪有限公司,49,,,
,,成都玛雅复城房地产经纪有限公司,50,,,
,,成都玛雅欣荣房地产经纪有限公司,51,,,
,,屏山县美居房屋信息咨询有限公司,52,,,
,,四川千柏家房地产经纪有限责任公司,53,,,
,,成都玛雅安名居房地产经纪有限公司,54,,,
,,宜宾市久耀置业有限公司,55,,,
,,四川雅和新居房地产营销策划有限公司,56,,,
,,屏山乐优房产信息咨询有限公司,57,,,
,,南充宏涛地产经纪服务有限公司,58,,,
,,绵阳鑫天半房产中介服务有限公司,59,,,
,,四川智博创想房地产营销策划有限公司,60,,,
,,南充好房汇房地产经纪服务有限公司,61,,,
,,屏山艳光房产信息咨询有限公司,62,,,
,,南充嘉宝地产营销策划有限公司,63,,,
,,南充家优营销策划有限公司,64,,,
,,成都市锦良居房地产经纪有限公司,65,,,
,,南充三合源房地产经纪有限公司,66,,,
,,绵阳天牛房地产营销策划有限公司,67,,,
,,南充市高坪区唐达房产有限公司,68,,,
,,南充市高坪区欣安房地产中介有限公司,69,,,
,,宜宾市卓越房地产营销策划有限公司,70,,,
,,绵阳世豪房地产经纪服务有限公司,71,,,
,,四川林家房产经纪有限公司,72,,,
,,南充盛鸿房地产经纪有限公司,73,,,
,眉山市玄机房地产经纪服务有限公司,万源市正合房地产经纪有限公司,1,,,
,,开江县橄榄居房地产经纪有限公司,2,,,
,,眉山市金钥匙房地产经纪有限公司,3,,,
,,眉山市锦佳房地产经纪有限公司,4,,,
,,眉山市丰越房地产经纪有限公司,5,,,
,,眉山市亿诺房地产经纪有限公司,6,,,
,,眉山市璟华房地产经纪有限公司,7,,,
,,眉山市联璟房地产经纪有限公司,8,,,
,,眉山市宝寓房地产经纪有限公司,9,,,
,,眉山市鸿展房地产经纪有限公司,10,,,
,,眉山市百亚房地产经纪有限公司,11,,,
,,眉山市德创房地产经纪有限公司,12,,,
,,眉山市佳韵房地产经纪有限公司,13,,,
,,眉山市硕翔房地产经纪有限公司,14,,,
,,眉山市双源房地产经纪有限公司,15,,,
,,成都新津津和房地产经纪有限公司,16,,,
,,成都新津轩山房地产经纪有限公司,17,,,
,,眉山市嘉誊房地产经纪有限公司,18,,,
,,眉山市博华房地产经纪有限公司,19,,,
,,眉山市上朗房地产经纪有限公司,20,,,
,,眉山市逸菲房地产经纪有限公司,21,,,
,,眉山市深达房地产经纪有限公司,22,,,
,,眉山市汇雅房地产经纪有限公司,23,,,
,,眉山市宇洲房地产经纪有限公司,24,,,
,,成都新津鑫云房地产经纪有限公司,25,,,
,,眉山市韩江房地产经纪有限公司,26,,,
,,眉山市金灿房地产经纪有限公司,27,,,
,,成都津滔房地产经纪有限公司,28,,,
